"codigo_ibg","yield","FC_m","FC2km","FC500m","PollinatorD","EUdist","ID"
2900900,20.55555556,0.459666667,0.729333333,0.582333333,1,52.87795425,"other municipalities"
2902252,28.45555556,0.882,0.782333333,0.593666667,1,49.26414609,"other municipalities"
2902906,17.66111111,0.175,0.137333333,0.116,0.3,287.7084416,"other municipalities"
2904803,10,0.166333333,0.058333333,0.231,0.3,811.4261436,"other municipalities"
2905602,18.37777778,0.745333333,0.639333333,0.404333333,1,95.95488104,"other municipalities"
2905800,18.33333333,0.677666667,0.814333333,0.663,1,39.80384766,"other municipalities"
2908002,21.45555556,0.529,0.764666667,0.619333333,1,56.43135265,"other municipalities"
2909505,10,0.368333333,0.505,0.517333333,0.3,56.01244044,"other municipalities"
2910008,10.28333333,0.319333333,0.356666667,0.447333333,1,82.49391715,"other municipalities"
2910404,11.99444444,0.137,0.177333333,0.149333333,0.3,194.5011388,"other municipalities"
2910727,10,0.221,0.174666667,0.126666667,1,275.1183042,"other municipalities"
2911204,10.86111111,0.718333333,0.695666667,0.625666667,1,28.77219151,"other municipalities"
2911808,10.93888889,0.190666667,0.239333333,0.21,1,222.309036,"other municipalities"
2912707,10.74444444,0.758333333,0.607,0.327333333,1,129.4475839,"other municipalities"
2913507,4.722222222,0.207666667,0.226333333,0.281666667,0.3,110.4127463,"other municipalities"
2914653,10,0.270333333,0.176666667,0.145666667,1,212.9393239,"other municipalities"
2915106,12.44444444,0.458,0.376333333,0.373333333,0.3,48.63330828,"other municipalities"
2915502,16.88888889,0.830666667,0.809,0.615666667,1,48.31205503,"other municipalities"
2915601,34,0.23,0.097666667,0.081666667,1,448.7629545,"other municipalities"
2915700,12.92777778,0.627666667,0.619333333,0.474333333,1,37.56018709,"other municipalities"
2915809,10,0.138333333,0.073,0.069666667,0.3,359.226421,"other municipalities"
2916005,13.77777778,0.052666667,0.113333333,0.129,1,393.223856,"other municipalities"
2916708,8.955555556,0.208333333,0.204666667,0.151333333,0.3,162.4562378,"other municipalities"
2916906,10,0.221666667,0.170666667,0.164,0.3,167.4504164,"other municipalities"
2918209,18.31111111,0.55,0.424,0.508333333,1,24.64659845,"other municipalities"
2918308,12.4,0.590666667,0.617,0.462333333,0.3,73.52168242,"other municipalities"
2918456,23.05555556,0.171,0.254,0.158,1,215.2026673,"other municipalities"
2918555,21.12222222,0.336666667,0.621666667,0.610666667,1,58.69976342,"other municipalities"
2920908,15.9,0.407333333,0.328,0.192333333,1,189.3845939,"other municipalities"
2921104,14.32777778,0.014666667,0.015,0.037333333,1,723.1161008,"other municipalities"
2922706,4.883333333,0.112,0.351666667,0.487333333,0.3,78.53528574,"other municipalities"
2925758,16.12777778,0.601666667,0.645666667,0.568,1,26.86127385,"other municipalities"
2926657,11.11111111,0.192,0.297666667,0.253666667,0.3,136.2703188,"other municipalities"
2927903,10.00555556,0.352333333,0.488666667,0.415,0.3,97.1399067,"other municipalities"
2928059,22.88888889,0.627,0.551666667,0.428333333,1,95.64200726,"other municipalities"
2931350,13.11111111,0.065666667,0.146,0.089666667,1,487.0553989,"other municipalities"
2932101,9.661111111,0.511333333,0.457333333,0.480333333,0.3,39.48449432,"other municipalities"
2933257,12.93888889,0.104666667,0.136333333,0.080333333,1,328.6748755,"other municipalities"
2933505,8.016666667,0.674,0.630333333,0.635666667,1,21.58939675,"other municipalities"
3100302,18,0.197666667,0.23,0.205,0.3,119.1863086,"other municipalities"
3100500,17.85,0.338,0.400666667,0.679666667,0.3,8.753558835,"other municipalities"
3101003,22.52222222,0.188666667,0.044333333,0.078333333,0.3,417.1443052,"other municipalities"
3101102,24.83888889,0.076,0.104,0.136666667,0.712,363.2119736,"other municipalities"
3101409,18.66666667,0.233,0.215,0.206666667,0.3,109.847304,"other municipalities"
3101607,27,0.047,0.053666667,0.060333333,0.3,311.1056441,"other municipalities"
3101706,11.94444444,0.261333333,0.440333333,0.324666667,0.3,209.2917513,"other municipalities"
3102001,22.26666667,0.061,0.062,0.062666667,0.3,266.0798466,"study area"
3102050,27.33333333,0.424,0.413,0.402333333,0.3,54.8662616,"other municipalities"
3102209,15.89444444,0.173666667,0.206333333,0.237,0.323,92.81816591,"other municipalities"
3102506,16.66666667,0.217333333,0.212333333,0.173,0.3,150.3904848,"other municipalities"
3102605,27.16666667,0.149666667,0.146666667,0.140666667,0.3,164.9765993,"study area"
3102704,10.25,0.325333333,0.113333333,0.105333333,0.562,223.9380022,"other municipalities"
3102803,15.01666667,0.093,0.081666667,0.055,0.3,485.5241691,"other municipalities"
3103009,18.37222222,0.530666667,0.645,0.487666667,0.3,93.50431256,"other municipalities"
3103108,11.88333333,0.169,0.190666667,0.181666667,0.3,165.4929544,"other municipalities"
3103702,21.33333333,0.399666667,0.329333333,0.274333333,0.3,98.27767384,"other municipalities"
3104304,28.7,0.047,0.071333333,0.084,0.3,250.2072618,"other municipalities"
3104601,16.91111111,0.078666667,0.097333333,0.058,0.3,225.3595674,"other municipalities"
3104700,12.01666667,0.046666667,0.08,0.126333333,0.3,290.0260129,"other municipalities"
3104908,20.66666667,0.171333333,0.132666667,0.157,0.3,187.2189174,"study area"
3105301,20.33333333,0.126333333,0.148333333,0.178666667,0.3,106.5007642,"other municipalities"
3106408,7.144444444,0.122333333,0.107333333,0.031333333,0.3,301.8135871,"other municipalities"
3107604,36.23333333,0.134333333,0.130333333,0.141,0.3,153.7545604,"study area"
3107802,13.66666667,0.301666667,0.248333333,0.269666667,0.3,69.36728906,"other municipalities"
3108008,20.33333333,0.1,0.11,0.106666667,0.3,249.2671375,"other municipalities"
3108305,18.66666667,0.096333333,0.114333333,0.106333333,0.3,185.1776737,"other municipalities"
3108404,19.75,0.107,0.121333333,0.119,0.3,162.6095467,"study area"
3108701,14.16666667,0.275,0.2715,0.2585,0.3,126.078791,"other municipalities"
3108909,21.66666667,0.137,0.103333333,0.106333333,0.3,242.0657141,"other municipalities"
3109105,20.66666667,0.085333333,0.102333333,0.083,0.3,191.2505801,"study area"
3109501,32.83333333,0.11,0.136333333,0.144666667,0.3,138.6495048,"study area"
3109709,24,0.066333333,0.094666667,0.13,0.3,160.7972118,"study area"
3110103,18.66666667,0.239666667,0.238,0.211333333,0.3,108.8937559,"other municipalities"
3110202,17.66666667,0.224,0.216666667,0.212666667,0.3,119.9057149,"other municipalities"
3110301,23.33333333,0.131,0.134,0.124,0.3,191.8554901,"other municipalities"
3110400,22,0.161,0.177333333,0.172,0.3,131.2552858,"other municipalities"
3110707,19.02777778,0.095,0.090666667,0.085666667,0.3,227.7106,"study area"
3110905,19.33333333,0.080333333,0.087333333,0.074333333,0.3,232.3376566,"study area"
3111002,19.77777778,0.096666667,0.103666667,0.109,0.3,170.9205168,"study area"
3111200,16.66666667,0.088,0.088333333,0.086333333,0.3,227.5634361,"other municipalities"
3111705,21,0.203333333,0.226333333,0.201,0.3,133.0767866,"other municipalities"
3111903,23.66666667,0.065333333,0.053666667,0.054,0.3,293.5350659,"other municipalities"
3112109,20,0.372666667,0.354333333,0.311,0.3,80.71308505,"other municipalities"
3112208,29.11111111,0.206,0.173333333,0.247,0.3,109.5502539,"other municipalities"
3112901,19.66666667,0.273666667,0.27,0.267,0.3,76.68296746,"other municipalities"
3113008,14,0.355666667,0.435666667,0.38,0.3,81.31105399,"other municipalities"
3113305,18.33333333,0.244666667,0.255666667,0.225666667,0.3,124.3619077,"other municipalities"
3113404,18.66666667,0.281333333,0.270333333,0.296,0.3,61.90621613,"other municipalities"
3113602,22.66666667,0.073666667,0.091666667,0.095,0.3,207.2432143,"study area"
3113909,21.66666667,0.090666667,0.093,0.085,0.3,225.4209051,"study area"
3114105,25,0.157333333,0.196666667,0.208666667,0.3,126.8389708,"study area"
3114501,32.65555556,0.143333333,0.117666667,0.107666667,0.3,202.8400116,"other municipalities"
3114600,29.25555556,0.081,0.058,0.090333333,0.3,225.6961734,"other municipalities"
3114709,22.66666667,0.107,0.108333333,0.106,0.3,169.320962,"other municipalities"
3114907,20.68888889,0.111333333,0.086,0.084,0.3,180.0210354,"other municipalities"
3115201,33.13888889,0.060333333,0.063,0.068,0.3,249.0336943,"other municipalities"
3115458,11.66666667,0.399666667,0.409,0.343666667,0.3,78.49957698,"other municipalities"
3115508,21,0.101333333,0.096666667,0.112,0.3,203.9954114,"other municipalities"
3115706,7.705555556,0.023666667,0.028,0.028333333,0.524,650.2292518,"other municipalities"
3116001,21.33333333,0.255666667,0.293333333,0.279,0.3,88.63257886,"other municipalities"
3116704,25.38888889,0.169666667,0.171666667,0.17,0.3,141.4980613,"other municipalities"
3116803,11.74444444,0.379,0.312666667,0.275,0.3,80.16436577,"other municipalities"
3117009,9.777777778,0.21,0.245,0.284666667,0.4,190.1140667,"other municipalities"
3117108,28.23333333,0.074,0.070666667,0.069333333,0.3,254.5969134,"study area"
3117207,22.66666667,0.212666667,0.173,0.141333333,0.3,163.619663,"other municipalities"
3117405,19.33333333,0.193,0.267,0.298333333,0.3,72.77704279,"other municipalities"
3117702,18.66666667,0.084333333,0.082,0.085,0.3,236.3391504,"study area"
3117801,20.11111111,0.150666667,0.142666667,0.159,0.3,174.4514921,"other municipalities"
3117900,22.33888889,0.100333333,0.093333333,0.094,0.3,289.9968836,"other municipalities"
3118403,22.31666667,0.089666667,0.149666667,0.163,0.328,198.6114254,"other municipalities"
3118700,18.33333333,0.051,0.051666667,0.052,0.3,332.8911715,"study area"
3119005,19,0.063666667,0.066666667,0.075666667,0.3,262.6019389,"study area"
3119203,13.91111111,0.310333333,0.309333333,0.396333333,0.444,45.02173505,"other municipalities"
3120508,22.66666667,0.168333333,0.174666667,0.178666667,0.3,134.5385205,"study area"
3120805,16.66666667,0.099,0.051666667,0.063333333,0.3,265.30158,"other municipalities"
3120839,17.9,0.034,0.082333333,0.099,0.3,264.6848706,"other municipalities"
3121407,9.838888889,0.082333333,0.119,0.096,0.3,187.7338188,"other municipalities"
3121704,10,0.262,0.309,0.403,0.3,78.50714309,"other municipalities"
3121803,13.33333333,0.438666667,0.381666667,0.409333333,0.3,43.30104955,"other municipalities"
3121902,15,0.206666667,0.242,0.243333333,0.3,132.7130303,"other municipalities"
3122009,22.66666667,0.238,0.238666667,0.222666667,0.3,106.0213835,"other municipalities"
3122405,26.66666667,0.076666667,0.108666667,0.099,0.3,195.4301212,"other municipalities"
3122454,23.66666667,0.303666667,0.291333333,0.175666667,0.3,203.9063319,"other municipalities"
3122504,20,0.078333333,0.096,0.083333333,0.3,149.9249499,"other municipalities"
3122801,20.01111111,0.169333333,0.097333333,0.097,0.3,146.3962728,"other municipalities"
3123106,10.55555556,0.356666667,0.392,0.485666667,0.3,31.20228514,"other municipalities"
3123304,22.01111111,0.176666667,0.194666667,0.169333333,0.3,145.9473755,"other municipalities"
3123528,27.66111111,0.353,0.345666667,0.346,0.3,65.74650918,"other municipalities"
3123601,20,0.040666667,0.033666667,0.039666667,0.3,356.4205774,"study area"
3123858,16.66666667,0.192,0.201666667,0.216,0.3,83.15122314,"other municipalities"
3123908,26.45555556,0.115,0.123666667,0.122,0.3,172.6911213,"other municipalities"
3124005,25,0.256333333,0.222666667,0.176333333,0.3,138.8931786,"other municipalities"
3124203,26.33333333,0.331,0.306666667,0.270666667,0.3,98.26782028,"other municipalities"
3124401,19,0.111,0.096,0.072333333,0.3,231.0597287,"other municipalities"
3124906,24.47222222,0.196,0.269,0.216666667,0.3,141.3708222,"other municipalities"
3125200,23.33333333,0.037,0.041333333,0.039666667,0.3,374.9230372,"other municipalities"
3125309,17.66666667,0.255666667,0.260666667,0.182,0.3,169.7136061,"other municipalities"
3125903,16.01111111,0.422,0.577333333,0.350333333,0.3,101.4871678,"other municipalities"
3125952,20.66666667,0.314666667,0.259,0.249666667,0.3,84.19029107,"other municipalities"
3126307,21,0.241333333,0.273333333,0.240666667,0.3,93.73156473,"study area"
3126752,13.33333333,0.155333333,0.129333333,0.160666667,0.3,133.6728494,"other municipalities"
3126802,14.32222222,0.220666667,0.212,0.190333333,0.3,95.92081769,"other municipalities"
3127503,12.28333333,0.351333333,0.37,0.464,0.3,78.13914312,"other municipalities"
3128204,18.63333333,0.350333333,0.378,0.318,0.3,99.20706054,"other municipalities"
3128303,25,0.113666667,0.116,0.101666667,0.3,201.1379995,"study area"
3128402,16,0.108666667,0.101333333,0.079333333,0.3,265.7542625,"other municipalities"
3128709,21.66666667,0.173,0.185666667,0.163333333,0.3,169.0983803,"study area"
3129004,24.68888889,0.070333333,0.164666667,0.151333333,0.3,171.4173766,"other municipalities"
3129202,20.33333333,0.144666667,0.158666667,0.162,0.3,154.1351939,"study area"
3129301,18.88888889,0.153,0.135333333,0.141666667,0.3,227.8355356,"other municipalities"
3129905,26.33333333,0.106333333,0.102666667,0.097666667,0.3,181.3945009,"other municipalities"
3130002,18.66666667,0.093666667,0.077333333,0.082666667,0.3,236.0657864,"other municipalities"
3130408,19.66666667,0.036333333,0.029333333,0.028,0.3,466.376356,"other municipalities"
3130556,18.66666667,0.201666667,0.241,0.240666667,0.3,79.74098322,"other municipalities"
3130606,22.77777778,0.092666667,0.093333333,0.073,0.3,210.2079033,"other municipalities"
3130804,24.33888889,0.098666667,0.083,0.08,0.3,244.5896848,"other municipalities"
3130903,26.66666667,0.150666667,0.170333333,0.194333333,0.3,122.0675009,"other municipalities"
3131208,18.80555556,0.188333333,0.195333333,0.306666667,0.967,113.6577151,"other municipalities"
3131802,20,0.043333333,0.052333333,0.051666667,0.672,341.084453,"other municipalities"
3132305,15.33333333,0.437666667,0.500333333,0.427333333,0.3,69.19183139,"other municipalities"
3132404,15.06666667,0.173333333,0.071333333,0.047666667,0.3,274.5538694,"other municipalities"
3132602,16.66666667,0.224333333,0.213,0.182,0.3,175.2231281,"other municipalities"
3132701,16.66666667,0.152,0.372,0.340333333,0.3,80.54789027,"other municipalities"
3133204,20.83888889,0.033333333,0.058,0.076333333,0.3,401.0512916,"other municipalities"
3133907,8.611111111,0.297,0.220666667,0.188666667,0.3,139.6829015,"other municipalities"
3134103,20.71111111,0.097666667,0.121666667,0.128,0.594,224.6161772,"other municipalities"
3134301,20.33888889,0.046,0.047333333,0.040333333,0.3,245.9758216,"other municipalities"
3134509,19.32777778,0.055666667,0.070333333,0.064333333,0.3,219.2168408,"other municipalities"
3134905,24.66666667,0.18,0.199,0.173666667,0.3,122.5993404,"study area"
3135506,30.33333333,0.209666667,0.220666667,0.187666667,0.3,141.3874023,"other municipalities"
3135803,15,0.406666667,0.492,0.408,0.3,145.9300421,"other municipalities"
3135902,22,0.105666667,0.137,0.139666667,0.3,172.9738692,"study area"
3136553,11.66666667,0.167666667,0.185,0.199,0.3,80.12703348,"other municipalities"
3136702,11.47777778,0.185666667,0.188333333,0.143333333,0.3,190.1380877,"other municipalities"
3136900,27.80555556,0.136333333,0.167666667,0.177333333,0.3,117.2620441,"study area"
3137007,15.16666667,0.478333333,0.424,0.388,0.3,53.22842321,"other municipalities"
3137403,25,0.122,0.133333333,0.126,0.3,163.3530169,"other municipalities"
3137700,21.66666667,0.310333333,0.300333333,0.285,0.3,80.17830293,"other municipalities"
3137809,20,0.165666667,0.166,0.14,0.3,161.4212201,"other municipalities"
3138203,20,0.043666667,0.045666667,0.045333333,0.3,301.7978651,"other municipalities"
3138674,23,0.373666667,0.382666667,0.337666667,0.3,72.87533355,"other municipalities"
3138708,17.33333333,0.107,0.103666667,0.094666667,0.3,191.9831464,"other municipalities"
3139003,23.83333333,0.104333333,0.114333333,0.1,0.3,199.0310525,"other municipalities"
3139201,20.66666667,0.271333333,0.329,0.293,0.3,97.8038204,"other municipalities"
3139409,22.66666667,0.360666667,0.357666667,0.318,0.3,76.88795618,"other municipalities"
3139508,27.66666667,0.4,0.4,0.352666667,0.3,74.50628459,"other municipalities"
3139607,8.988888889,0.073,0.082666667,0.096666667,0.68,286.8595178,"other municipalities"
3139904,15,0.189,0.145333333,0.135333333,0.3,156.8821139,"other municipalities"
3140001,28.6,0.474,0.442666667,0.416,0.3,38.39924464,"other municipalities"
3140530,40.44444444,0.327333333,0.341,0.322333333,0.3,65.64772489,"other municipalities"
3140555,20.66111111,0.128,0.134666667,0.126666667,0.3,162.7105709,"other municipalities"
3140803,6.25,0.2595,0.1345,0.2195,0.3,149.5269408,"other municipalities"
3140902,21,0.217,0.215,0.209666667,0.3,107.1386193,"other municipalities"
3141405,8.45,0.316333333,0.426333333,0.459666667,0.3,95.3942735,"other municipalities"
3141504,15,0.018666667,0.023666667,0.042333333,0.7,568.7945634,"other municipalities"
3142106,30.44444444,0.229333333,0.227333333,0.23,0.3,92.69537077,"other municipalities"
3142205,19,0.116666667,0.137333333,0.118333333,0.3,215.3195559,"other municipalities"
3142601,20,0.054666667,0.054333333,0.058,0.3,294.5925957,"other municipalities"
3143005,21.16666667,0.078333333,0.082,0.082666667,0.3,207.7123675,"study area"
3143153,7.5,0.382,0.404666667,0.197333333,0.3,150.5768862,"other municipalities"
3143401,16.66666667,0.099666667,0.12,0.112,0.3,204.7776903,"study area"
3143906,22,0.136,0.211333333,0.193333333,0.3,152.7166635,"other municipalities"
3144003,24.05555556,0.171333333,0.239,0.279333333,0.354,106.9256143,"other municipalities"
3144102,21.2,0.075666667,0.088,0.085,0.3,197.1023661,"other municipalities"
3144409,24,0.141333333,0.131,0.105666667,0.3,228.5904494,"study area"
3144508,25,0.075333333,0.095333333,0.097666667,0.3,209.2992655,"other municipalities"
3144607,26.33333333,0.068,0.070666667,0.065,0.3,253.88831,"other municipalities"
3144672,14.40555556,0.127666667,0.127,0.112333333,0.5,181.3839722,"other municipalities"
3145109,36.3,0.104666667,0.107333333,0.106666667,0.3,173.9119714,"study area"
3145307,13.33333333,0.299,0.362,0.284,0.3,124.791822,"other municipalities"
3145505,18,0.153333333,0.207333333,0.195333333,0.3,138.6576137,"other municipalities"
3145604,23.33333333,0.119,0.161,0.156,0.3,141.7868377,"other municipalities"
3145877,23.66666667,0.266333333,0.267,0.227333333,0.3,108.4562998,"other municipalities"
3146008,23,0.122666667,0.141333333,0.139333333,0.3,148.5391121,"study area"
3146107,20,0.411,0.445333333,0.196,0.3,178.4392526,"other municipalities"
3146206,13,0.131666667,0.131,0.154666667,0.3,160.5656915,"other municipalities"
3146305,13.00555556,0.41,0.54,0.239333333,0.3,37.96057388,"other municipalities"
3147204,20.33333333,0.069666667,0.067666667,0.067333333,0.3,341.9814024,"other municipalities"
3147303,17.65,0.103666667,0.131,0.113,0.3,118.6651347,"other municipalities"
3147709,30,0.136,0.103,0.102666667,0.3,155.2542154,"other municipalities"
3148301,22.66666667,0.314666667,0.300333333,0.269333333,0.3,121.3202944,"other municipalities"
3148608,11.66666667,0.326,0.323666667,0.348666667,0.3,100.7739721,"other municipalities"
3148707,15,0.340666667,0.22,0.159333333,0.3,226.7634508,"other municipalities"
3148756,17.33333333,0.276666667,0.268666667,0.232,0.3,101.9861116,"other municipalities"
3148806,20,0.171,0.215333333,0.214,0.3,126.9328576,"other municipalities"
3149002,18.44444444,0.322333333,0.279666667,0.195666667,0.3,146.7373579,"other municipalities"
3149101,26.66666667,0.152,0.158,0.146333333,0.3,140.8859954,"study area"
3149903,25.33333333,0.036333333,0.042,0.044666667,0.3,326.4856234,"other municipalities"
3150158,20,0.332,0.335,0.358666667,0.3,50.09990227,"other municipalities"
3150604,22.32777778,0.084,0.08,0.078333333,0.3,236.1643923,"other municipalities"
3150802,18.33888889,0.387666667,0.316666667,0.328333333,0.3,69.81261919,"other municipalities"
3150901,18.88888889,0.277,0.371,0.268666667,0.3,50.74707236,"other municipalities"
3151008,18,0.061333333,0.064333333,0.079333333,0.3,207.8096993,"other municipalities"
3151107,40.52777778,0.041,0.073,0.051,1,357.4337797,"other municipalities"
3151701,21,0.114333333,0.111333333,0.117,0.3,161.9081633,"study area"
3151800,21,0.174,0.19,0.171666667,0.3,142.1527787,"study area"
3151909,36.57777778,0.112333333,0.120666667,0.115333333,0.821,250.2385751,"other municipalities"
3152105,23.66666667,0.225666667,0.217333333,0.212,0.3,136.6729803,"other municipalities"
3152170,9.444444444,0.381,0.243333333,0.238333333,0.3,162.1350597,"other municipalities"
3152303,17.33333333,0.375666667,0.410666667,0.388666667,0.3,83.1877786,"other municipalities"
3152402,11.66666667,0.316,0.233,0.183333333,0.3,126.3564289,"other municipalities"
3152501,19.03333333,0.061666667,0.075666667,0.101333333,0.3,258.8694296,"other municipalities"
3152600,17.32222222,0.143,0.111333333,0.183666667,0.3,89.04268055,"other municipalities"
3152709,45.55555556,0.083333333,0.077,0.051,0.3,238.1407773,"other municipalities"
3153103,20,0.344,0.359333333,0.335333333,0.3,87.61441493,"other municipalities"
3153509,35.11111111,0.382666667,0.362,0.299,0.3,95.0671898,"other municipalities"
3154002,17.98333333,0.193,0.272666667,0.273333333,0.304,88.91528752,"other municipalities"
3154150,25.33333333,0.289,0.299666667,0.275,0.3,88.27829181,"other municipalities"
3154200,38.79444444,0.134666667,0.118666667,0.128333333,0.3,129.0994479,"other municipalities"
3154309,12.73333333,0.043666667,0.014666667,0.040666667,0.93,759.0623117,"other municipalities"
3154705,24.01666667,0.030333333,0.030666667,0.044666667,0.3,312.2262926,"other municipalities"
3156106,26.94444444,0.135666667,0.201666667,0.160666667,0.3,141.1319601,"other municipalities"
3156452,22.86111111,0.233666667,0.207,0.200333333,0.3,135.5041465,"other municipalities"
3156809,11.66666667,0.462333333,0.478,0.409333333,0.3,77.12564455,"other municipalities"
3157203,18.10555556,0.604,0.555666667,0.596666667,0.3,34.00138592,"other municipalities"
3157252,18.33333333,0.358333333,0.351666667,0.308,0.3,60.45189506,"other municipalities"
3157401,11.11111111,0.136,0.115333333,0.104333333,0.3,172.9202947,"other municipalities"
3157906,26.33333333,0.281666667,0.273666667,0.242666667,0.3,91.14928765,"other municipalities"
3158201,11.71666667,0.215,0.208333333,0.279,0.3,47.1275888,"other municipalities"
3158300,23.33333333,0.082666667,0.078666667,0.073666667,0.3,248.5167848,"other municipalities"
3158805,18.33333333,0.123333333,0.126333333,0.114,0.3,198.3319987,"other municipalities"
3158904,22.33333333,0.213,0.242333333,0.255,0.3,83.3322117,"other municipalities"
3159209,27.68888889,0.092,0.102333333,0.098666667,0.3,221.2684949,"other municipalities"
3159357,16.66666667,0.273,0.283333333,0.301333333,0.3,61.8829352,"other municipalities"
3159506,21.85,0.246,0.198,0.177333333,0.717,142.8152617,"other municipalities"
3159605,19,0.129333333,0.146666667,0.156666667,0.3,155.7470546,"study area"
3159902,22,0.163,0.176,0.149333333,0.3,175.2446482,"other municipalities"
3160108,13.23333333,0.187333333,0.203666667,0.197333333,0.3,142.9438809,"other municipalities"
3160306,17.37777778,0.028333333,0.071,0.117,0.3,155.210356,"other municipalities"
3160801,18.66666667,0.069333333,0.087,0.069333333,0.3,233.6774101,"study area"
3160959,24.33333333,0.240333333,0.247,0.270333333,0.3,69.79991293,"other municipalities"
3161007,13.33333333,0.310666667,0.241333333,0.328,0.3,43.11440674,"other municipalities"
3161056,18.86666667,0.039666667,0.042333333,0.072333333,0.602,279.6563502,"other municipalities"
3161205,20,0.177,0.176,0.160333333,0.3,137.4496906,"other municipalities"
3161403,21.66666667,0.141666667,0.145666667,0.161,0.301,154.1143433,"other municipalities"
3161502,18,0.137,0.187,0.214666667,0.3,118.1306638,"other municipalities"
3161650,15.01111111,0.019,0.034666667,0.074333333,0.333,455.5742309,"other municipalities"
3162005,20.66666667,0.096666667,0.124333333,0.111666667,0.3,226.489829,"study area"
3162302,22.33333333,0.093666667,0.104666667,0.101333333,0.3,204.2844263,"other municipalities"
3162500,15.03333333,0.068666667,0.078,0.082666667,0.3,235.3535552,"other municipalities"
3162559,26,0.340333333,0.325,0.295,0.3,70.20057025,"other municipalities"
3162575,7.805555556,0.034333333,0.021333333,0.028666667,0.671,717.994528,"other municipalities"
3162807,11.66666667,0.247,0.195333333,0.246333333,0.3,44.65656976,"other municipalities"
3163201,18.96111111,0.065333333,0.184333333,0.183333333,0.3,145.6084773,"other municipalities"
3163508,11.61666667,0.302333333,0.288,0.277,0.3,87.65833425,"other municipalities"
3163607,21.87777778,0.257,0.251333333,0.255,0.3,86.19241429,"other municipalities"
3163706,22.98333333,0.093333333,0.096333333,0.162666667,0.3,82.69261313,"other municipalities"
3163805,19.33333333,0.220666667,0.237,0.215,0.3,122.719028,"other municipalities"
3163904,30.56666667,0.105333333,0.131333333,0.122666667,0.3,155.2761732,"study area"
3164407,20.33333333,0.079666667,0.130333333,0.125333333,0.3,199.9090526,"study area"
3164431,16.66666667,0.184,0.192333333,0.140666667,0.3,164.5509449,"other municipalities"
3164472,23,0.215333333,0.248333333,0.274333333,0.3,68.19015234,"other municipalities"
3164506,11.66666667,0.324,0.272333333,0.264666667,0.3,106.9372745,"other municipalities"
3165008,26.00555556,0.079,0.074333333,0.088333333,0.3,220.9565532,"other municipalities"
3165206,17.66666667,0.103333333,0.074666667,0.068,0.3,249.5713432,"study area"
3165701,21.98888889,0.194666667,0.218333333,0.175666667,0.3,159.3110114,"other municipalities"
3165800,22,0.144333333,0.176666667,0.159,0.3,172.599209,"other municipalities"
3166006,25,0.303333333,0.342333333,0.335,0.3,85.35257447,"other municipalities"
3166204,25,0.094333333,0.142333333,0.188,0.3,117.2116175,"other municipalities"
3166303,20.66666667,0.294333333,0.284333333,0.228666667,0.3,112.1311376,"other municipalities"
3166907,23.33333333,0.072666667,0.074333333,0.075,0.3,307.8720489,"study area"
3167400,18,0.096666667,0.109,0.117333333,0.3,187.2826246,"study area"
3167608,27.33333333,0.331666667,0.327,0.307666667,0.3,74.56431029,"other municipalities"
3167806,24,0.082333333,0.069666667,0.127333333,0.3,189.0068203,"study area"
3168051,20,0.147,0.23,0.234333333,1,163.5537657,"other municipalities"
3168408,12.87777778,0.080666667,0.092,0.151333333,0.71,215.9242218,"other municipalities"
3168507,18.66666667,0.283666667,0.291333333,0.237,0.3,126.511643,"other municipalities"
3168606,12.36111111,0.228,0.236666667,0.221,0.3,128.8526815,"other municipalities"
3169059,23,0.062,0.065,0.044666667,0.3,260.2624678,"other municipalities"
3169208,18,0.176,0.191,0.188333333,0.301,173.8919847,"other municipalities"
3169307,19,0.061666667,0.063,0.059333333,0.3,270.44001,"other municipalities"
3169406,24.5,0.070333333,0.062666667,0.058,0.3,266.0858683,"other municipalities"
3169802,18.66666667,0.103666667,0.137,0.142,0.3,159.1459114,"study area"
3169901,15,0.114666667,0.193333333,0.135,0.3,155.1802041,"other municipalities"
3170057,20.66666667,0.242,0.304,0.309,0.3,60.2042504,"other municipalities"
3170503,11.11666667,0.129333333,0.146333333,0.104333333,0.3,148.0119601,"other municipalities"
3170578,27.65,0.1825,0.2095,0.279,0.3,96.73772344,"other municipalities"
3170701,21.66666667,0.069,0.077,0.072666667,0.3,255.7335809,"other municipalities"
3171154,16,0.271333333,0.276333333,0.263,0.3,86.27539415,"other municipalities"
3171303,23,0.263,0.259333333,0.206666667,0.3,143.1360873,"other municipalities"
3171402,26.04444444,0.142333333,0.158,0.133333333,0.3,147.9776473,"other municipalities"
3171709,20,0.163,0.119333333,0.112666667,0.3,204.8384937,"other municipalities"
3171808,17.33333333,0.341,0.287,0.367333333,0.3,58.47346064,"other municipalities"
3172004,13,0.047333333,0.024,0.029,0.3,528.0417207,"other municipalities"
3200102,12.42777778,0.226333333,0.229666667,0.214,0.459,120.3308296,"other municipalities"
3200136,26.85,0.173666667,0.177333333,0.161,1,146.5702519,"other municipalities"
3200169,12.72222222,0.117,0.115666667,0.116666667,0.788,196.9041477,"other municipalities"
3200201,12.48333333,0.132,0.179666667,0.186333333,0.456,152.9286948,"other municipalities"
3200300,21.05,0.533666667,0.501333333,0.448666667,0.61,52.60539036,"other municipalities"
3200359,13.32777778,0.156666667,0.144,0.140333333,0.436,151.729987,"other municipalities"
3200508,13.08333333,0.111,0.212666667,0.196666667,0.359,125.450994,"other municipalities"
3200706,14.80555556,0.169333333,0.147666667,0.111333333,0.998,189.0204268,"other municipalities"
3200805,12.03888889,0.116333333,0.211,0.207333333,0.623,149.7083203,"other municipalities"
3200904,14.31111111,0.119333333,0.125,0.120666667,1,201.7349586,"other municipalities"
3201001,30.85555556,0.055,0.078666667,0.076666667,1,423.251044,"other municipalities"
3201100,10.17777778,0.083,0.128,0.127666667,0.328,226.886218,"other municipalities"
3201159,18.59444444,0.288,0.273,0.246666667,0.3,97.57594652,"other municipalities"
3201209,20.19444444,0.167333333,0.248666667,0.230333333,0.953,133.7846933,"other municipalities"
3201308,13.75,0.327333333,0.393333333,0.332333333,0.936,88.20786839,"other municipalities"
3201407,14.58333333,0.328,0.340666667,0.32,0.645,77.56553315,"other municipalities"
3201506,14.71666667,0.167666667,0.196333333,0.173,0.923,153.9016424,"other municipalities"
3201704,16.1,0.442666667,0.374,0.339333333,0.519,69.6001896,"other municipalities"
3201803,15.24444444,0.386333333,0.245,0.232,0.3,83.95060091,"other municipalities"
3201902,15.16111111,0.479666667,0.449666667,0.412666667,0.302,62.33290761,"other municipalities"
3202009,14.51666667,0.332,0.272666667,0.234666667,0.3,93.66310842,"other municipalities"
3202108,14.87777778,0.043333333,0.086333333,0.106333333,0.971,299.2495588,"other municipalities"
3202256,24.46666667,0.219333333,0.195,0.162666667,1,160.8043702,"other municipalities"
3202306,14.72222222,0.192333333,0.184666667,0.186,0.3,111.4329245,"other municipalities"
3202454,17.99444444,0.188333333,0.168,0.163,0.3,129.2158491,"other municipalities"
3202504,23.83333333,0.294,0.267,0.224,0.901,115.9834003,"other municipalities"
3202553,14.22222222,0.339666667,0.219,0.215,0.3,84.56039211,"other municipalities"
3202603,33.12777778,0.268,0.299,0.317,0.993,65.14087513,"other municipalities"
3202652,15.65555556,0.197333333,0.186333333,0.185666667,0.3,115.817364,"other municipalities"
3202702,20.01666667,0.239666667,0.250666667,0.226666667,0.837,116.376877,"other municipalities"
3202900,18.52777778,0.287333333,0.330666667,0.317666667,0.544,83.70636904,"other municipalities"
3203007,15.43333333,0.251666667,0.200666667,0.185333333,0.301,130.6048537,"other municipalities"
3203056,30.87777778,0.180666667,0.199,0.149333333,1,210.6454033,"other municipalities"
3203106,16.73333333,0.105333333,0.115666667,0.107333333,0.94,193.13624,"other municipalities"
3203130,26.98888889,0.148666667,0.177,0.149,0.969,203.9828151,"other municipalities"
3203163,16.38333333,0.177333333,0.204333333,0.183666667,0.942,129.196577,"other municipalities"
3203304,17.26666667,0.084333333,0.107,0.099333333,0.348,204.6197186,"other municipalities"
3203346,16.38888889,0.618666667,0.606666667,0.569333333,0.3,39.83322127,"other municipalities"
3203353,28.96666667,0.289666667,0.286,0.252333333,1,115.4012479,"other municipalities"
3203403,15.28333333,0.183666667,0.215333333,0.204666667,0.554,130.7956786,"other municipalities"
3203502,21,0.029,0.056333333,0.087666667,1,544.8383845,"other municipalities"
3203601,15.33333333,0.020666667,0.007,0.112666667,1,1080.598781,"other municipalities"
3203700,13.05,0.28,0.284666667,0.257,0.341,94.56306383,"other municipalities"
3203809,14.33888889,0.216,0.192,0.171333333,0.859,137.3454983,"other municipalities"
3203908,21.12777778,0.082,0.081666667,0.083,1,303.1551931,"other municipalities"
3204005,18.28888889,0.219666667,0.210333333,0.187,0.988,137.311622,"other municipalities"
3204054,16,0.036333333,0.042333333,0.066666667,1,564.0608121,"other municipalities"
3204104,38.66666667,0.056,0.043,0.068666667,1,661.1347622,"other municipalities"
3204252,15,0.014666667,0.017333333,0.04,1,592.9029937,"other municipalities"
3204351,28.96666667,0.163666667,0.159333333,0.137,1,187.1148422,"other municipalities"
3204401,16.92222222,0.263333333,0.335333333,0.35,0.788,58.79697579,"other municipalities"
3204500,19.99444444,0.489333333,0.491333333,0.433666667,0.735,66.8829327,"other municipalities"
3204559,14,0.507333333,0.504,0.466333333,0.3,55.81561676,"other municipalities"
3204609,26.28888889,0.466,0.365666667,0.329,0.701,85.32028243,"other municipalities"
3204658,21.53333333,0.147333333,0.147666667,0.141666667,1,164.0251307,"other municipalities"
3204708,24.85555556,0.143666667,0.159666667,0.153333333,1,156.2411044,"other municipalities"
3204807,11.91111111,0.154333333,0.172666667,0.183333333,0.371,202.692852,"other municipalities"
3204955,22.38888889,0.146,0.158666667,0.14,0.86,159.4693157,"other municipalities"
3205010,28.61666667,0.461,0.164333333,0.101,1,248.308959,"other municipalities"
3205036,13.72777778,0.517333333,0.474333333,0.424666667,0.355,57.28648122,"other municipalities"
3205069,17.66111111,0.48,0.480333333,0.426,0.3,53.04243674,"other municipalities"
3205101,19.91666667,0.340666667,0.460333333,0.452,0.826,53.59467014,"other municipalities"
3205150,22.47222222,0.087,0.095666667,0.105,1,200.8555279,"other municipalities"
3205176,26.93888889,0.124666667,0.136,0.107333333,1,213.958107,"other municipalities"
3500105,10,0.021,0.025666667,0.034333333,0.3,402.4830463,"other municipalities"
3500402,12.61111111,0.299666667,0.280333333,0.235333333,0.3,123.6371002,"study area"
3500501,20.33333333,0.161333333,0.122333333,0.138,0.3,136.2206051,"study area"
3501103,46.55,0.0325,0.0195,0.0205,0.3,569.4997442,"other municipalities"
3501400,18.33333333,0.105666667,0.099666667,0.066,0.3,304.1298834,"other municipalities"
3501905,24.80555556,0.183333333,0.208,0.220666667,0.3,116.8661162,"study area"
3502606,15.1,0.03,0.025666667,0.034,0.3,367.8301473,"other municipalities"
3502804,31.2,0.023333333,0.026666667,0.012666667,0.3,977.8565684,"other municipalities"
3503356,15.52777778,0.04,0.022,0.082,0.3,759.9937461,"other municipalities"
3503950,13.13888889,0.012333333,0.011,0.023333333,0.3,555.5447078,"other municipalities"
3504206,11.25,0.025,0.0235,0.019,0.3,404.8723217,"other municipalities"
3504404,47.23333333,0.038,0.06,0.1025,0.3,354.0748828,"other municipalities"
3504602,27.77777778,0.052666667,0.041333333,0.024333333,0.3,422.3989791,"other municipalities"
3505005,43.88888889,0.098,0.071333333,0.071,0.3,150.2546584,"other municipalities"
3505807,17.77777778,0.052,0.038,0.017333333,0.3,446.9938932,"other municipalities"
3506300,13.62777778,0.081333333,0.042,0.079333333,0.3,159.4649454,"other municipalities"
3506409,18.27777778,0.023666667,0.019666667,0.026333333,0.3,740.1932154,"other municipalities"
3506508,11.11666667,0.023,0.016333333,0.024333333,0.3,473.2499074,"other municipalities"
3507605,25,0.165666667,0.201666667,0.159666667,0.3,144.5147584,"other municipalities"
3507704,37.93333333,0.0325,0.0245,0.0255,0.3,486.29727,"other municipalities"
3508702,16.51111111,0.133,0.145333333,0.152333333,0.3,133.964441,"study area"
3508801,20.10555556,0.077333333,0.119333333,0.117,0.3,402.0974181,"other municipalities"
3509502,15.33333333,0.076666667,0.11,0.128,0.3,210.1313135,"study area"
3511904,25,0.016666667,0.008666667,0.008,0.3,531.9096384,"other municipalities"
3512506,30,0.033,0.024,0.034,0.3,495.8847448,"other municipalities"
3513900,12.94444444,0.122333333,0.126666667,0.126333333,0.3,145.0074,"study area"
3514403,23.08333333,0.046,0.036333333,0.069666667,0.3,708.6124486,"other municipalities"
3515202,20.3,0.035333333,0.026333333,0.038333333,0.3,432.3192833,"other municipalities"
3515400,15.30555556,0.105333333,0.082333333,0.076,0.3,214.969131,"other municipalities"
3515509,10,0.034,0.027333333,0.025666667,0.3,391.722532,"other municipalities"
3516002,11.27777778,0.030333333,0.028333333,0.038666667,0.3,506.347389,"other municipalities"
3516507,18.10555556,0.022,0.017,0.02,0.3,600.8957708,"other municipalities"
3516705,22.5,0.1095,0.098,0.064,0.3,394.7352139,"other municipalities"
3517000,18.32777778,0.054333333,0.010666667,0.038333333,0.3,1002.513573,"other municipalities"
3517109,20.31666667,0.0205,0.016,0.0415,0.3,527.7332491,"other municipalities"
3517208,25.23333333,0.045,0.047666667,0.001333333,0.3,761.4273812,"other municipalities"
3517307,10.77222222,0.039,0.02,0.008666667,0.3,471.9458449,"other municipalities"
3518107,12.05555556,0.083333333,0.078666667,0.055333333,0.3,396.8635641,"other municipalities"
3519006,15.55555556,0.017666667,0.030333333,0.052,0.3,621.5636887,"other municipalities"
3519204,14.17777778,0.035,0.016333333,0.032333333,0.3,713.3652166,"other municipalities"
3520509,17.77777778,0.064333333,0.07,0.067333333,0.3,361.6403509,"other municipalities"
3520806,19.00555556,0.066,0.089666667,0.044666667,0.3,659.6649019,"other municipalities"
3520905,16.94444444,0.092666667,0.065,0.056333333,0.3,531.6991196,"other municipalities"
3521606,10.19444444,0.025666667,0.009666667,0.019333333,0.3,711.1773683,"other municipalities"
3522802,14.71666667,0.094333333,0.037333333,0.032,0.3,490.0819957,"other municipalities"
3522901,17.33333333,0.022666667,0.016666667,0.068,0.3,246.4025764,"other municipalities"
3523404,12.50833333,0.1645,0.1825,0.1395,0.3,193.0947651,"other municipalities"
3524501,21.11111111,0.060666667,0.076333333,0.245,0.3,110.1469311,"other municipalities"
3524808,12.24444444,0.029333333,0.027,0.011333333,0.3,466.0344471,"other municipalities"
3525508,22.77777778,0.386666667,0.139,0.216333333,0.3,180.9875864,"other municipalities"
3525706,16.11111111,0.043666667,0.040333333,0.037,0.3,279.4830253,"other municipalities"
3525805,24,0.068,0.0675,0.101,0.3,550.9237061,"other municipalities"
3526001,10.95555556,0.032666667,0.030666667,0.072,0.3,799.357808,"other municipalities"
3527009,21.02777778,0.107,0.099333333,0.103,0.3,134.6259357,"study area"
3527108,27.27222222,0.052333333,0.038,0.049666667,0.3,576.5438504,"other municipalities"
3527405,8.777777778,0.031666667,0.028333333,0.042,0.3,877.5356203,"other municipalities"
3527702,27.30833333,0.0395,0.0235,0.0445,0.3,695.3732214,"other municipalities"
3528106,14.44444444,0.076,0.060666667,0.042666667,0.3,298.1587725,"other municipalities"
3528205,10,0.028333333,0.035333333,0.065666667,0.3,289.110309,"other municipalities"
3528908,21.66666667,0.015,0.014666667,0.022666667,0.3,808.6294364,"other municipalities"
3529500,17.22222222,0.066,0.018,0.011,0.3,602.964368,"other municipalities"
3530102,25.11666667,0.062,0.068,0.052,0.3,299.3220428,"other municipalities"
3531209,20.11666667,0.266333333,0.261,0.241666667,0.3,81.35038599,"study area"
3531605,10.06666667,0.085333333,0.027666667,0.003,0.3,968.3937323,"other municipalities"
3532009,18.30555556,0.224333333,0.269333333,0.244,0.3,89.31726775,"other municipalities"
3532108,29.16666667,0.062,0.049,0.069,0.3,355.9469864,"other municipalities"
3532504,13.61111111,0.047333333,0.027666667,0.018,0.3,475.7437155,"other municipalities"
3532702,13.77777778,0.062333333,0.054333333,0.066666667,0.3,150.4545754,"other municipalities"
3532801,12.22222222,0.064666667,0.029666667,0.022,0.3,525.9186009,"other municipalities"
3534104,17.5,0.088,0.126,0.117,0.3,313.7994357,"other municipalities"
3534609,7.716666667,0.053,0.037,0.039,0.3,450.3578919,"other municipalities"
3534708,11.22222222,0.036666667,0.042,0.052333333,0.3,392.7800335,"other municipalities"
3534807,12.81111111,0.062666667,0.006333333,0.034,0.3,1190.585058,"other municipalities"
3534906,15,0.024,0.021,0.019666667,0.3,559.7520416,"other municipalities"
3535200,8.255555556,0.025333333,0.031666667,0.056666667,0.3,298.3951707,"other municipalities"
3536000,16.11111111,0.029333333,0.025666667,0.022666667,0.3,597.8456311,"other municipalities"
3536802,22.22222222,0.212666667,0.286333333,0.234,0.3,97.28756647,"other municipalities"
3536901,16.66666667,0.047,0.043666667,0.078666667,0.3,259.5816496,"other municipalities"
3537107,17.28888889,0.154666667,0.148333333,0.111,0.3,36.91576599,"other municipalities"
3537305,46.975,0.0305,0.027,0.027,0.3,612.8650263,"other municipalities"
3537701,10,0.066333333,0.019333333,0.018333333,0.3,604.646811,"other municipalities"
3538006,15.95,0.271,0.169666667,0.180666667,0.3,214.9925086,"other municipalities"
3538204,23.33333333,0.171,0.164,0.194333333,0.3,84.84208315,"other municipalities"
3538600,22.77777778,0.349666667,0.165333333,0.120333333,0.3,159.7875496,"other municipalities"
3540002,34.94166667,0.047,0.0775,0.0955,0.3,474.8729695,"other municipalities"
3540101,24.97222222,0.043666667,0.039,0.049666667,0.3,244.3415787,"other municipalities"
3540259,10.12222222,0.051666667,0.032,0.005,0.3,400.0873705,"other municipalities"
3540606,20,0.050333333,0.025333333,0.017,0.3,471.6033211,"other municipalities"
3540804,16.09444444,0.051666667,0.048666667,0.044666667,0.3,448.9619652,"other municipalities"
3541604,47.25,0.0445,0.0415,0.032,0.3,746.4559519,"other municipalities"
3542008,19.2,0.061,0.032,0.136666667,0.3,725.7778517,"other municipalities"
3543808,17.5,0.038666667,0.021333333,0.037666667,0.3,516.8496852,"other municipalities"
3544707,8.855555556,0.024333333,0.029666667,0.042666667,0.3,592.7176277,"other municipalities"
3545100,10.67777778,0.118666667,0.055333333,0.020333333,0.3,609.2313943,"other municipalities"
3546603,15,0.019666667,0.015,0.011666667,0.3,536.786261,"other municipalities"
3547205,15,0.011,0.007666667,0.013333333,0.3,366.2803323,"other municipalities"
3547403,14.88888889,0.017666667,0.010333333,0.030333333,0.3,495.0034313,"other municipalities"
3548104,19.89444444,0.133666667,0.127666667,0.122333333,0.3,158.3180492,"study area"
3549201,11.93333333,0.033666667,0.044,0.028333333,0.3,437.939475,"other municipalities"
3550803,25.72222222,0.174333333,0.167666667,0.163333333,0.3,139.7090976,"study area"
3551207,15.73333333,0.149,0.132666667,0.125666667,0.3,186.7148532,"other municipalities"
3551603,26.66666667,0.171,0.184,0.185666667,0.3,113.6086993,"study area"
3552106,22.5,0.097333333,0.097,0.101,0.3,156.8527652,"study area"
3553005,15.63888889,0.079,0.052666667,0.060333333,0.3,241.5531359,"other municipalities"
3553609,22.3,0.167,0.168666667,0.176666667,0.3,143.2568174,"study area"
3554300,16.66666667,0.270666667,0.016333333,0.021666667,0.3,899.4223595,"other municipalities"
3554607,15.27222222,0.219,0.159333333,0.092333333,0.3,210.6360807,"other municipalities"
3554904,15,0.014,0.014333333,0.022666667,0.3,426.3064193,"other municipalities"
3554953,18.88888889,0.116,0.134333333,0.086333333,0.3,261.9008614,"other municipalities"
3555000,17.22222222,0.040333333,0.013,0.020666667,0.3,762.7057842,"other municipalities"
3555109,19.43333333,0.018666667,0.017666667,0.026,0.3,683.6903797,"other municipalities"
3555307,10,0.064333333,0.055,0.060333333,0.3,503.7829064,"other municipalities"
3555802,6.455555556,0.017666667,0.011,0.019,0.3,638.6462847,"other municipalities"
3555901,24.01666667,0.039,0.063,0.025,0.3,560.6275316,"other municipalities"
3556206,33.33333333,0.1155,0.1965,0.1055,0.3,117.1186215,"other municipalities"
3556354,20,0.228,0.084666667,0.123333333,0.3,193.9536932,"other municipalities"
3556602,17.44444444,0.090666667,0.088333333,0.047333333,0.3,374.466654,"other municipalities"
3557204,12.13333333,0.051333333,0.051666667,0.105666667,0.3,385.5637698,"other municipalities"
4100103,22.86666667,0.049,0.05,0.040333333,0.3,288.1200693,"other municipalities"
4100509,15.25555556,0.078333333,0.044333333,0.043666667,0.3,452.2095982,"other municipalities"
4100608,12.28888889,0.065,0.054666667,0.087,0.3,191.455178,"other municipalities"
4100806,26,0.044666667,0.055,0.092666667,0.3,588.6991015,"other municipalities"
4101051,22.43333333,0.087333333,0.101666667,0.041666667,0.3,236.3222222,"other municipalities"
4101101,21.72777778,0.024333333,0.028666667,0.052333333,0.3,996.5879902,"other municipalities"
4101150,25.52777778,0.037,0.083666667,0.055,0.3,401.5520773,"other municipalities"
4101408,26.12222222,0.139333333,0.151666667,0.119,0.3,170.6790712,"other municipalities"
4101507,21.66111111,0.111666667,0.118666667,0.063666667,0.3,337.9136167,"other municipalities"
4101655,16.33888889,0.061,0.076333333,0.08,0.3,219.4102908,"other municipalities"
4101705,21.82222222,0.084666667,0.087,0.054333333,0.3,294.8331189,"other municipalities"
4101853,13.42222222,0.096333333,0.095666667,0.074,0.3,238.3942673,"other municipalities"
4101903,22.63333333,0.053,0.050666667,0.040333333,0.3,307.7572389,"other municipalities"
4102109,24.42777778,0.058333333,0.034,0.024,0.3,645.81077,"other municipalities"
4102406,21.21111111,0.052,0.075333333,0.057333333,0.3,356.2759061,"other municipalities"
4102505,17.95555556,0.114,0.102333333,0.081333333,0.3,253.37151,"other municipalities"
4102703,33.02222222,0.036333333,0.025,0.024666667,0.3,844.7048099,"other municipalities"
4102802,23.58888889,0.080333333,0.057666667,0.044,0.3,340.8307763,"other municipalities"
4103206,25.82777778,0.133,0.128,0.124666667,0.3,133.7525864,"other municipalities"
4103305,15.46111111,0.077666667,0.076666667,0.087333333,0.3,138.522261,"other municipalities"
4103354,23.51111111,0.126666667,0.087,0.064666667,0.3,284.7924229,"other municipalities"
4103404,20.03333333,0.028333333,0.051333333,0.072333333,0.3,564.8640244,"other municipalities"
4103479,13.31666667,0.036666667,0.044,0.033333333,0.3,329.3471289,"other municipalities"
4103503,22.83333333,0.092,0.086,0.062333333,0.3,187.6622928,"other municipalities"
4103602,34.27222222,0.024,0.017,0.029,0.3,382.3381165,"other municipalities"
4103701,17.98333333,0.060333333,0.058666667,0.060666667,0.3,303.0455849,"other municipalities"
4103800,26.23333333,0.098666667,0.126666667,0.084666667,0.3,191.1480223,"other municipalities"
4104303,20.57222222,0.106,0.112,0.1,0.3,231.0628999,"other municipalities"
4104709,35.88888889,0.045666667,0.049666667,0.047,0.3,296.8380573,"other municipalities"
4105102,22.40555556,0.055333333,0.056,0.054,0.3,428.9033581,"other municipalities"
4105508,18.04444444,0.11,0.1,0.070333333,0.3,350.1979664,"other municipalities"
4105607,17.54444444,0.048333333,0.042333333,0.008666667,0.3,639.3765132,"other municipalities"
4105904,14.75,0.031333333,0.021333333,0.018333333,0.3,747.3759667,"other municipalities"
4106001,27.65555556,0.135666667,0.106,0.080666667,0.3,258.2309741,"other municipalities"
4106100,43.47222222,0.064666667,0.044333333,0.038666667,0.3,284.5221145,"other municipalities"
4106308,24.56666667,0.120333333,0.101666667,0.081,0.3,196.9750002,"other municipalities"
4106407,24.48888889,0.097333333,0.067666667,0.048,0.3,342.1071045,"other municipalities"
4106555,18.97222222,0.126333333,0.105666667,0.096333333,0.3,215.816271,"other municipalities"
4106605,16.17222222,0.072,0.033333333,0.020666667,0.3,435.9045377,"other municipalities"
4106852,15.73333333,0.103666667,0.086,0.138,0.3,130.6956554,"other municipalities"
4107009,29.2,0.233333333,0.172666667,0.131,0.3,141.2291193,"other municipalities"
4107108,11.70555556,0.120333333,0.050333333,0.051666667,0.3,634.2976863,"other municipalities"
4107256,13.67222222,0.084666667,0.068,0.012666667,0.3,614.5659718,"other municipalities"
4107306,22.60555556,0.028666667,0.018,0.01,0.3,757.4980475,"other municipalities"
4107504,27.22222222,0.081666667,0.058333333,0.042333333,0.3,521.4892432,"other municipalities"
4107520,15.83888889,0.019666667,0.023,0.022666667,0.3,554.3942537,"other municipalities"
4107751,30.7,0.231666667,0.193666667,0.14,0.3,138.4808658,"other municipalities"
4107801,22.22222222,0.058666667,0.073666667,0.056666667,0.3,363.1474369,"other municipalities"
4108007,31.67777778,0.113,0.030666667,0.030666667,0.3,472.1618834,"other municipalities"
4108205,30.01666667,0.056666667,0.042333333,0.016666667,0.3,321.5122197,"other municipalities"
4108320,14.25,0.025,0.015,0.017,0.3,594.1822322,"other municipalities"
4108551,15.18333333,0.097666667,0.079,0.048666667,0.3,344.4036966,"other municipalities"
4108601,27.33333333,0.082,0.071666667,0.106333333,0.3,270.5078348,"other municipalities"
4108700,19.66666667,0.127666667,0.148,0.101333333,0.3,205.458599,"other municipalities"
4108908,11.23888889,0.067666667,0.040666667,0.037,0.3,651.5979344,"other municipalities"
4109005,29.65,0.046333333,0.04,0.036333333,0.3,327.2179034,"other municipalities"
4109203,23.05555556,0.047666667,0.025666667,0.038666667,0.3,507.3963366,"other municipalities"
4109708,27.85,0.136333333,0.158666667,0.136,0.3,160.5889404,"other municipalities"
4109807,19.74444444,0.067,0.062333333,0.059333333,0.3,365.0537623,"other municipalities"
4109906,15.86111111,0.043333333,0.015666667,0.009333333,0.3,636.7514322,"other municipalities"
4110003,24.74444444,0.039666667,0.054,0.081333333,0.3,446.1398406,"other municipalities"
4110052,22.83888889,0.143666667,0.120333333,0.065333333,0.3,290.4866871,"other municipalities"
4110409,15.36666667,0.076333333,0.074333333,0.072,0.3,339.4769842,"other municipalities"
4110607,14.66111111,0.046,0.034333333,0.036666667,0.3,359.6446472,"other municipalities"
4110656,27.4,0.060666667,0.067,0.057,0.3,241.5389043,"other municipalities"
4110805,21.91111111,0.162,0.112666667,0.113333333,0.3,197.3281489,"other municipalities"
4110904,25.85,0.017,0.017,0.024666667,0.3,523.7592844,"other municipalities"
4111001,23.18333333,0.024,0.037666667,0.058333333,0.3,555.3456359,"other municipalities"
4111308,12.40555556,0.028333333,0.022333333,0.042333333,0.3,605.7491735,"other municipalities"
4111506,16.21111111,0.079,0.093333333,0.072,0.3,199.6194314,"other municipalities"
4111555,15.13888889,0.093666667,0.042666667,0.031,0.3,387.259742,"other municipalities"
4111704,32.88333333,0.068666667,0.061666667,0.066666667,0.3,293.0675569,"other municipalities"
4111803,29.87777778,0.105,0.08,0.059,0.3,274.3597319,"other municipalities"
4111902,19.13888889,0.055,0.053666667,0.050666667,0.3,395.3281779,"other municipalities"
4112108,27.22222222,0.100333333,0.101333333,0.074,0.3,210.4947299,"other municipalities"
4112207,22.18333333,0.052666667,0.049333333,0.027,0.3,280.1584356,"other municipalities"
4112306,34.43888889,0.103,0.110666667,0.079,0.3,296.9449506,"other municipalities"
4112405,17.51666667,0.078333333,0.037,0.045666667,0.3,419.0692733,"other municipalities"
4112504,15.65555556,0.075,0.074666667,0.054333333,0.3,278.3170161,"other municipalities"
4112702,23.95,0.068666667,0.077333333,0.038,0.3,325.9725584,"other municipalities"
4112751,31.46111111,0.074666667,0.064333333,0.05,0.3,303.5723653,"other municipalities"
4112801,31.12777778,0.073333333,0.072333333,0.056,0.3,236.7522786,"other municipalities"
4112900,30.35,0.089333333,0.109,0.092,0.3,228.1783554,"other municipalities"
4113007,19.81666667,0.112333333,0.086333333,0.058666667,0.3,373.2887491,"other municipalities"
4113106,23.51666667,0.054,0.058,0.043333333,0.3,245.4427653,"other municipalities"
4113403,20.66111111,0.042,0.015666667,0.029,0.3,680.3783896,"other municipalities"
4113429,16.03333333,0.067666667,0.052333333,0.037333333,0.3,328.1743085,"other municipalities"
4113502,10,0.060333333,0.024666667,0.086666667,0.3,885.6438352,"other municipalities"
4113700,22.67222222,0.139333333,0.134333333,0.091666667,0.3,237.6586279,"other municipalities"
4113734,19.58333333,0.185,0.203666667,0.117666667,0.3,249.8374055,"other municipalities"
4113759,17.21666667,0.135333333,0.062666667,0.028333333,0.3,413.0201993,"other municipalities"
4113809,16.11111111,0.049333333,0.005666667,0.014333333,0.3,740.5919636,"other municipalities"
4114104,17.51666667,0.073333333,0.055666667,0.044,0.3,400.2483873,"other municipalities"
4114203,23.58333333,0.087,0.083333333,0.058,0.3,268.8151683,"other municipalities"
4114708,17.51666667,0.072666667,0.068333333,0.065,0.3,326.7067489,"other municipalities"
4114807,29.39444444,0.057,0.065333333,0.11,0.3,136.3204208,"other municipalities"
4114906,23.79444444,0.114333333,0.126,0.073,0.3,252.3288708,"other municipalities"
4115002,8.344444444,0.052666667,0.017666667,0.025333333,0.3,662.231976,"other municipalities"
4115200,28.51111111,0.047666667,0.059333333,0.055333333,0.3,286.7864113,"other municipalities"
4115507,24.71111111,0.116,0.117333333,0.088333333,0.3,213.7560702,"other municipalities"
4116000,18.71666667,0.067,0.041666667,0.034,0.3,452.3642033,"other municipalities"
4116109,26.42222222,0.042,0.030666667,0.039333333,0.3,395.2341626,"other municipalities"
4116307,23.18888889,0.034,0.027,0.017666667,0.3,562.1417219,"other municipalities"
4116406,16.11111111,0.032,0.017,0.022666667,0.3,585.0487432,"other municipalities"
4116604,21.51111111,0.084666667,0.075666667,0.060666667,0.3,297.3881314,"other municipalities"
4116703,21.08333333,0.083333333,0.049666667,0.018333333,0.3,354.9223802,"other municipalities"
4116901,15,0.067333333,0.081,0.076,0.3,305.2359923,"other municipalities"
4117008,24.64444444,0.091,0.082666667,0.075,0.3,283.2913085,"other municipalities"
4117107,7.066666667,0.059666667,0.015,0.014,0.3,750.5981569,"other municipalities"
4117206,14.8,0.044,0.042666667,0.038666667,0.3,333.9585335,"other municipalities"
4117271,17.63888889,0.151666667,0.115,0.148,0.3,159.0425522,"other municipalities"
4117297,22.36111111,0.110666667,0.096333333,0.061666667,0.3,247.8457999,"other municipalities"
4118006,13.5,0.066,0.074666667,0.037666667,0.3,471.3087157,"other municipalities"
4118105,9.516666667,0.045666667,0.023,0.031,0.3,718.1340818,"other municipalities"
4118402,12.38333333,0.083333333,0.085666667,0.141666667,0.3,215.903676,"other municipalities"
4118808,29.46666667,0.094666667,0.104,0.039666667,0.3,305.4066802,"other municipalities"
4118857,15.66111111,0.035333333,0.042666667,0.039666667,0.3,492.0952579,"other municipalities"
4118907,12.26111111,0.028,0.026,0.03,0.3,668.9802816,"other municipalities"
4119202,38.76666667,0.205666667,0.182333333,0.146666667,0.3,151.5138221,"other municipalities"
4119657,32.06111111,0.040666667,0.034333333,0.033,0.3,354.3155368,"other municipalities"
4120002,18.06111111,0.079333333,0.062666667,0.054333333,0.3,422.9487156,"other municipalities"
4120200,9.561111111,0.115333333,0.029,0.016666667,0.3,838.9343444,"other municipalities"
4120333,18.75555556,0.080333333,0.045666667,0.061,0.3,517.6493691,"other municipalities"
4120507,30.16111111,0.026,0.084666667,0.071666667,0.3,310.5381583,"other municipalities"
4120705,32.91666667,0.050666667,0.059333333,0.051,0.3,246.0061776,"other municipalities"
4121109,26.37777778,0.083666667,0.077333333,0.043,0.3,494.3967945,"other municipalities"
4121307,21.01666667,0.023333333,0.007333333,0.01,0.3,792.2567709,"other municipalities"
4121802,36.71666667,0.082333333,0.105666667,0.085,0.3,220.3577898,"other municipalities"
4121901,24.8,0.102,0.125333333,0.107666667,0.3,273.5932765,"other municipalities"
4122107,20.90555556,0.109333333,0.093333333,0.107333333,0.3,172.4328869,"other municipalities"
4122404,27.41666667,0.074,0.072333333,0.061333333,0.3,352.1110154,"other municipalities"
4122503,17.46111111,0.205,0.209333333,0.134,0.3,167.7165978,"other municipalities"
4122602,14.95555556,0.08,0.054,0.037333333,0.3,390.2758197,"other municipalities"
4122701,23.52777778,0.072333333,0.059,0.024333333,0.3,524.4238389,"other municipalities"
4122909,29.62222222,0.067666667,0.089333333,0.074666667,0.3,206.0931237,"other municipalities"
4123105,22.93888889,0.075333333,0.123,0.079333333,0.3,163.7938392,"other municipalities"
4123204,21.32777778,0.084333333,0.036333333,0.026666667,0.3,359.8609166,"other municipalities"
4123303,9.261111111,0.047,0.021666667,0.072666667,0.3,606.4648494,"other municipalities"
4123402,23.1,0.054,0.046666667,0.02,0.3,446.2194889,"other municipalities"
4123600,26.70555556,0.023,0.009333333,0.016,0.3,684.6981499,"other municipalities"
4123709,7.444444444,0.036,0.015333333,0.032666667,0.3,949.7549859,"other municipalities"
4123907,23.44444444,0.078666667,0.078333333,0.054333333,0.3,336.3530196,"other municipalities"
4123956,6.666666667,0.063333333,0.014,0.017333333,0.3,890.9164929,"other municipalities"
4124004,30.03888889,0.104333333,0.09,0.073333333,0.3,224.7733608,"other municipalities"
4124103,30.75555556,0.060666667,0.059333333,0.05,0.3,289.7150235,"other municipalities"
4124202,11.11111111,0.041666667,0.019,0.058666667,0.3,615.7506112,"other municipalities"
4124301,21.76666667,0.129,0.08,0.031666667,0.3,251.8574648,"other municipalities"
4124509,13.73888889,0.02,0.002666667,0.033666667,0.3,1046.558523,"other municipalities"
4124707,24.30555556,0.230666667,0.133,0.085,0.3,203.5375469,"other municipalities"
4125001,16.90555556,0.032333333,0.045666667,0.052,0.3,387.687606,"other municipalities"
4125357,17.52222222,0.066,0.035,0.025666667,0.3,558.0050581,"other municipalities"
4125555,17.45,0.166666667,0.074666667,0.062333333,0.3,438.3037282,"other municipalities"
4125803,16.85,0.079,0.073,0.011666667,0.3,360.7105939,"other municipalities"
4125902,9.722222222,0.033,0.029333333,0.024666667,0.3,684.7181013,"other municipalities"
4126009,21.68333333,0.081333333,0.051,0.041666667,0.3,546.5318491,"other municipalities"
4126108,17.24444444,0.153,0.071,0.069666667,0.3,235.0949449,"other municipalities"
4126207,22.24444444,0.243,0.252333333,0.152,0.3,121.2157459,"other municipalities"
4126256,30.27777778,0.031,0.058666667,0.062,0.3,290.3784702,"other municipalities"
4126405,21.64444444,0.015333333,0.037,0.054,0.3,832.6288157,"other municipalities"
4126504,25.15,0.059333333,0.054666667,0.042666667,0.3,357.2233477,"other municipalities"
4126603,29.92222222,0.076333333,0.072,0.049,0.3,243.7952471,"other municipalities"
4126678,24.44444444,0.263,0.229333333,0.141,0.3,203.0286326,"other municipalities"
4126702,30.57222222,0.060666667,0.043666667,0.019,0.3,546.2693589,"other municipalities"
4126801,21.73333333,0.060666667,0.055666667,0.033,0.3,515.9769812,"other municipalities"
4126900,20.48888889,0.059666667,0.014666667,0.016666667,0.3,621.5985016,"other municipalities"
4127205,14.68333333,0.192333333,0.147,0.062333333,0.3,277.5680859,"other municipalities"
4127304,18.26111111,0.034333333,0.028333333,0.052,0.3,636.0019499,"other municipalities"
4127403,26.11111111,0.061666667,0.047,0.068666667,0.3,323.5647982,"other municipalities"
4127809,32.74444444,0.113666667,0.102666667,0.098,0.3,261.4683506,"other municipalities"
4127908,16.83888889,0.160333333,0.057,0.017,0.3,659.3206123,"other municipalities"
4128104,18.76111111,0.066,0.054,0.037333333,0.3,717.0762676,"other municipalities"
4128401,22.67222222,0.04,0.029333333,0.017333333,0.3,538.0993944,"other municipalities"
4128625,13.03888889,0.071333333,0.008333333,0.020666667,0.3,822.7667044,"other municipalities"
4128807,12.84444444,0.031,0.026666667,0.038333333,0.3,420.7955082,"other municipalities"
